symbol,date,open,high,low,close,volume,value_traded,trades_count,is_final,partial,source_layer,source_run_id,source_file_sha256
1010,2026-09-01,20.9,20.9,20.65,20.66,4693161,97178672.9,,,,render_normalized,tasi_2026-09-01_2026-09-01_20260901T153022227947Z,9122653c91d4643420c4862727a328e510502dca7ca410440f436a4704a9961e
1020,2026-09-01,12.07,12.27,12.07,12.16,3083798,37576289.26,,,,render_normalized,tasi_2026-09-01_2026-09-01_20260901T153022227947Z,9122653c91d4643420c4862727a328e510502dca7ca410440f436a4704a9961e
1030,2026-09-01,14.7,14.73,14.52,14.52,287096,4188696.43,,,,render_normalized,tasi_2026-09-01_2026-09-01_20260901T153022227947Z,9122653c91d4643420c4862727a328e510502dca7ca410440f436a4704a9961e
1050,2026-09-01,22.49,22.49,21.32,21.49,3194260,68730323.96,,,,render_normalized,tasi_2026-09-01_2026-09-01_20260901T153022227947Z,9122653c91d4643420c4862727a328e510502dca7ca410440f436a4704a9961e
1060,2026-09-01,34.2,34.3,33.74,33.9,2538804,86210321.9,,,,render_normalized,tasi_2026-09-01_2026-09-01_20260901T153022227947Z,9122653c91d4643420c4862727a328e510502dca7ca410440f436a4704a9961e
1080,2026-09-01,22.36,22.58,22.28,22.4,3014972,67592353.13,,,,render_normalized,tasi_2026-09-01_2026-09-01_20260901T153022227947Z,9122653c91d4643420c4862727a328e510502dca7ca410440f436a4704a9961e
1111,2026-09-01,131.2,132.6,130.3,131.6,709429,93293235.4,,,,render_normalized,tasi_2026-09-01_2026-09-01_20260901T153022227947Z,9122653c91d4643420c4862727a328e510502dca7ca410440f436a4704a9961e
1120,2026-09-01,67.5,68.05,66.7,67.0,8232539,552793978.1,,,,render_normalized,tasi_2026-09-01_2026-09-01_20260901T153022227947Z,9122653c91d4643420c4862727a328e510502dca7ca410440f436a4704a9961e
1140,2026-09-01,26.12,26.2,25.92,26.0,1136049,29590411.72,,,,render_normalized,tasi_2026-09-01_2026-09-01_20260901T153022227947Z,9122653c91d4643420c4862727a328e510502dca7ca410440f436a4704a9961e
1150,2026-09-01,25.72,25.72,25.24,25.34,6380223,162018832.18,,,,render_normalized,tasi_2026-09-01_2026-09-01_20260901T153022227947Z,9122653c91d4643420c4862727a328e510502dca7ca410440f436a4704a9961e
1180,2026-09-01,43.2,43.2,42.56,42.82,3022818,129404802.8,,,,render_normalized,tasi_2026-09-01_2026-09-01_20260901T153022227947Z,9122653c91d4643420c4862727a328e510502dca7ca410440f436a4704a9961e
1182,2026-09-01,8.72,8.74,8.64,8.72,232171,2019023.84,,,,render_normalized,tasi_2026-09-01_2026-09-01_20260901T153022227947Z,9122653c91d4643420c4862727a328e510502dca7ca410440f436a4704a9961e
1183,2026-09-01,14.46,14.68,14.38,14.62,45705,664725.51,,,,render_normalized,tasi_2026-09-01_2026-09-01_20260901T153022227947Z,9122653c91d4643420c4862727a328e510502dca7ca410440f436a4704a9961e
1201,2026-09-01,4.8,4.89,4.75,4.76,759782,3655117.81,,,,render_normalized,tasi_2026-09-01_2026-09-01_20260901T153022227947Z,9122653c91d4643420c4862727a328e510502dca7ca410440f436a4704a9961e
1202,2026-09-01,19.05,19.05,18.61,18.66,680975,12769617.65,,,,render_normalized,tasi_2026-09-01_2026-09-01_20260901T153022227947Z,9122653c91d4643420c4862727a328e510502dca7ca410440f436a4704a9961e
1210,2026-09-01,25.1,25.22,25.06,25.22,25774,647909.12,,,,render_normalized,tasi_2026-09-01_2026-09-01_20260901T153022227947Z,9122653c91d4643420c4862727a328e510502dca7ca410440f436a4704a9961e
1211,2026-09-01,66.75,67.4,66.0,66.6,1017002,67676585.95,,,,render_normalized,tasi_2026-09-01_2026-09-01_20260901T153022227947Z,9122653c91d4643420c4862727a328e510502dca7ca410440f436a4704a9961e
1212,2026-09-01,136.4,139.0,135.5,136.5,44980,6188375.9,,,,render_normalized,tasi_2026-09-01_2026-09-01_20260901T153022227947Z,9122653c91d4643420c4862727a328e510502dca7ca410440f436a4704a9961e
1213,2026-09-01,17.67,17.9,16.92,16.96,1527395,26277461.57,,,,render_normalized,tasi_2026-09-01_2026-09-01_20260901T153022227947Z,9122653c91d4643420c4862727a328e510502dca7ca410440f436a4704a9961e
1214,2026-09-01,12.16,12.39,12.13,12.19,1563728,19177040.97,,,,render_normalized,tasi_2026-09-01_2026-09-01_20260901T153022227947Z,9122653c91d4643420c4862727a328e510502dca7ca410440f436a4704a9961e
1301,2026-09-01,18.83,18.83,18.58,18.62,57186,1069189.04,,,,render_normalized,tasi_2026-09-01_2026-09-01_20260901T153022227947Z,9122653c91d4643420c4862727a328e510502dca7ca410440f436a4704a9961e
1302,2026-09-01,37.74,37.74,36.42,36.58,394714,14612802.84,,,,render_normalized,tasi_2026-09-01_2026-09-01_20260901T153022227947Z,9122653c91d4643420c4862727a328e510502dca7ca410440f436a4704a9961e
1303,2026-09-01,15.5,15.67,15.26,15.34,2699899,41761835.58,,,,render_normalized,tasi_2026-09-01_2026-09-01_20260901T153022227947Z,9122653c91d4643420c4862727a328e510502dca7ca410440f436a4704a9961e
1304,2026-09-01,38.02,38.02,36.46,36.78,531260,19680620.8,,,,render_normalized,tasi_2026-09-01_2026-09-01_20260901T153022227947Z,9122653c91d4643420c4862727a328e510502dca7ca410440f436a4704a9961e
1320,2026-09-01,53.9,54.8,53.0,54.05,375024,20269719.05,,,,render_normalized,tasi_2026-09-01_2026-09-01_20260901T153022227947Z,9122653c91d4643420c4862727a328e510502dca7ca410440f436a4704a9961e
1321,2026-09-01,197.0,197.0,190.1,195.9,201439,39117115.4,,,,render_normalized,tasi_2026-09-01_2026-09-01_20260901T153022227947Z,9122653c91d4643420c4862727a328e510502dca7ca410440f436a4704a9961e
1322,2026-09-01,83.0,84.65,83.0,84.05,282800,23722511.1,,,,render_normalized,tasi_2026-09-01_2026-09-01_20260901T153022227947Z,9122653c91d4643420c4862727a328e510502dca7ca410440f436a4704a9961e
1323,2026-09-01,27.46,27.8,27.4,27.46,87397,2412993.18,,,,render_normalized,tasi_2026-09-01_2026-09-01_20260901T153022227947Z,9122653c91d4643420c4862727a328e510502dca7ca410440f436a4704a9961e
1324,2026-09-01,41.32,42.6,41.06,41.6,630863,26399086.88,,,,render_normalized,tasi_2026-09-01_2026-09-01_20260901T153022227947Z,9122653c91d4643420c4862727a328e510502dca7ca410440f436a4704a9961e
1810,2026-09-01,21.79,22.3,21.61,22.3,3148707,69355127.84,,,,render_normalized,tasi_2026-09-01_2026-09-01_20260901T153022227947Z,9122653c91d4643420c4862727a328e510502dca7ca410440f436a4704a9961e
1820,2026-09-01,2.06,2.06,2.03,2.04,1908294,3896599.51,,,,render_normalized,tasi_2026-09-01_2026-09-01_20260901T153022227947Z,9122653c91d4643420c4862727a328e510502dca7ca410440f436a4704a9961e
1830,2026-09-01,78.4,80.0,77.7,78.4,106722,8423123.75,,,,render_normalized,tasi_2026-09-01_2026-09-01_20260901T153022227947Z,9122653c91d4643420c4862727a328e510502dca7ca410440f436a4704a9961e
1831,2026-09-01,4.67,4.68,4.63,4.64,4359262,20255034.18,,,,render_normalized,tasi_2026-09-01_2026-09-01_20260901T153022227947Z,9122653c91d4643420c4862727a328e510502dca7ca410440f436a4704a9961e
1832,2026-09-01,2.51,2.52,2.49,2.5,694744,1738923.47,,,,render_normalized,tasi_2026-09-01_2026-09-01_20260901T153022227947Z,9122653c91d4643420c4862727a328e510502dca7ca410440f436a4704a9961e
1833,2026-09-01,105.0,105.0,103.2,103.9,48034,4989681.9,,,,render_normalized,tasi_2026-09-01_2026-09-01_20260901T153022227947Z,9122653c91d4643420c4862727a328e510502dca7ca410440f436a4704a9961e
1834,2026-09-01,5.78,5.81,5.76,5.8,971381,5631068.81,,,,render_normalized,tasi_2026-09-01_2026-09-01_20260901T153022227947Z,9122653c91d4643420c4862727a328e510502dca7ca410440f436a4704a9961e
1835,2026-09-01,48.7,48.86,48.4,48.5,44294,2151905.5,,,,render_normalized,tasi_2026-09-01_2026-09-01_20260901T153022227947Z,9122653c91d4643420c4862727a328e510502dca7ca410440f436a4704a9961e
2001,2026-09-01,30.2,30.24,29.7,29.74,116660,3492638.98,,,,render_normalized,tasi_2026-09-01_2026-09-01_20260901T153022227947Z,9122653c91d4643420c4862727a328e510502dca7ca410440f436a4704a9961e
2010,2026-09-01,49.7,50.15,49.58,49.78,1430397,71363411.54,,,,render_normalized,tasi_2026-09-01_2026-09-01_20260901T153022227947Z,9122653c91d4643420c4862727a328e510502dca7ca410440f436a4704a9961e
2020,2026-09-01,132.0,132.0,129.1,131.0,442246,57505331.1,,,,render_normalized,tasi_2026-09-01_2026-09-01_20260901T153022227947Z,9122653c91d4643420c4862727a328e510502dca7ca410440f436a4704a9961e
2030,2026-09-01,51.05,51.4,50.75,51.0,103068,5268347.25,,,,render_normalized,tasi_2026-09-01_2026-09-01_20260901T153022227947Z,9122653c91d4643420c4862727a328e510502dca7ca410440f436a4704a9961e
2040,2026-09-01,25.44,25.52,25.1,25.38,169555,4295535.64,,,,render_normalized,tasi_2026-09-01_2026-09-01_20260901T153022227947Z,9122653c91d4643420c4862727a328e510502dca7ca410440f436a4704a9961e
2050,2026-09-01,26.0,26.3,25.68,26.2,1618676,42253374.64,,,,render_normalized,tasi_2026-09-01_2026-09-01_20260901T153022227947Z,9122653c91d4643420c4862727a328e510502dca7ca410440f436a4704a9961e
2060,2026-09-01,8.99,9.09,8.91,9.0,1763287,15913172.86,,,,render_normalized,tasi_2026-09-01_2026-09-01_20260901T153022227947Z,9122653c91d4643420c4862727a328e510502dca7ca410440f436a4704a9961e
2070,2026-09-01,30.32,30.94,30.32,30.94,282608,8675560.96,,,,render_normalized,tasi_2026-09-01_2026-09-01_20260901T153022227947Z,9122653c91d4643420c4862727a328e510502dca7ca410440f436a4704a9961e
2080,2026-09-01,63.75,63.95,63.1,63.35,395072,25088418.65,,,,render_normalized,tasi_2026-09-01_2026-09-01_20260901T153022227947Z,9122653c91d4643420c4862727a328e510502dca7ca410440f436a4704a9961e
2081,2026-09-01,98.0,98.0,96.9,97.85,104250,10155530.35,,,,render_normalized,tasi_2026-09-01_2026-09-01_20260901T153022227947Z,9122653c91d4643420c4862727a328e510502dca7ca410440f436a4704a9961e
2082,2026-09-01,191.9,194.9,189.1,191.7,356303,68355063.5,,,,render_normalized,tasi_2026-09-01_2026-09-01_20260901T153022227947Z,9122653c91d4643420c4862727a328e510502dca7ca410440f436a4704a9961e
2083,2026-09-01,44.8,45.18,44.2,44.5,575716,25647564.52,,,,render_normalized,tasi_2026-09-01_2026-09-01_20260901T153022227947Z,9122653c91d4643420c4862727a328e510502dca7ca410440f436a4704a9961e
2084,2026-09-01,11.32,11.33,11.2,11.2,1986517,22368814.96,,,,render_normalized,tasi_2026-09-01_2026-09-01_20260901T153022227947Z,9122653c91d4643420c4862727a328e510502dca7ca410440f436a4704a9961e
2090,2026-09-01,13.49,13.49,13.31,13.31,31568,421609.65,,,,render_normalized,tasi_2026-09-01_2026-09-01_20260901T153022227947Z,9122653c91d4643420c4862727a328e510502dca7ca410440f436a4704a9961e
2100,2026-09-01,23.0,23.0,22.1,22.48,530821,11942789.32,,,,render_normalized,tasi_2026-09-01_2026-09-01_20260901T153022227947Z,9122653c91d4643420c4862727a328e510502dca7ca410440f436a4704a9961e
2110,2026-09-01,183.6,189.1,183.6,188.3,47130,8791668.0,,,,render_normalized,tasi_2026-09-01_2026-09-01_20260901T153022227947Z,9122653c91d4643420c4862727a328e510502dca7ca410440f436a4704a9961e
2120,2026-09-01,16.91,16.98,16.72,16.8,539928,9106014.81,,,,render_normalized,tasi_2026-09-01_2026-09-01_20260901T153022227947Z,9122653c91d4643420c4862727a328e510502dca7ca410440f436a4704a9961e
2130,2026-09-01,16.0,16.16,15.9,16.02,211207,3382177.32,,,,render_normalized,tasi_2026-09-01_2026-09-01_20260901T153022227947Z,9122653c91d4643420c4862727a328e510502dca7ca410440f436a4704a9961e
2140,2026-09-01,9.42,9.9,9.41,9.65,610725,5919745.59,,,,render_normalized,tasi_2026-09-01_2026-09-01_20260901T153022227947Z,9122653c91d4643420c4862727a328e510502dca7ca410440f436a4704a9961e
2150,2026-09-01,38.5,38.86,38.26,38.42,132105,5083497.26,,,,render_normalized,tasi_2026-09-01_2026-09-01_20260901T153022227947Z,9122653c91d4643420c4862727a328e510502dca7ca410440f436a4704a9961e
2160,2026-09-01,13.11,13.11,13.0,13.05,205562,2681325.46,,,,render_normalized,tasi_2026-09-01_2026-09-01_20260901T153022227947Z,9122653c91d4643420c4862727a328e510502dca7ca410440f436a4704a9961e
2170,2026-09-01,27.26,27.38,27.04,27.16,280479,7611401.54,,,,render_normalized,tasi_2026-09-01_2026-09-01_20260901T153022227947Z,9122653c91d4643420c4862727a328e510502dca7ca410440f436a4704a9961e
2180,2026-09-01,36.68,36.74,36.38,36.5,54789,1997909.14,,,,render_normalized,tasi_2026-09-01_2026-09-01_20260901T153022227947Z,9122653c91d4643420c4862727a328e510502dca7ca410440f436a4704a9961e
2190,2026-09-01,40.0,40.0,38.54,38.84,384812,15067471.02,,,,render_normalized,tasi_2026-09-01_2026-09-01_20260901T153022227947Z,9122653c91d4643420c4862727a328e510502dca7ca410440f436a4704a9961e
2200,2026-09-01,5.35,5.37,5.26,5.29,4125797,21900858.04,,,,render_normalized,tasi_2026-09-01_2026-09-01_20260901T153022227947Z,9122653c91d4643420c4862727a328e510502dca7ca410440f436a4704a9961e
2220,2026-09-01,12.22,12.34,12.16,12.17,77240,945554.62,,,,render_normalized,tasi_2026-09-01_2026-09-01_20260901T153022227947Z,9122653c91d4643420c4862727a328e510502dca7ca410440f436a4704a9961e
2222,2026-09-01,26.12,26.28,26.02,26.18,7619725,199140160.48,,,,render_normalized,tasi_2026-09-01_2026-09-01_20260901T153022227947Z,9122653c91d4643420c4862727a328e510502dca7ca410440f436a4704a9961e
2223,2026-09-01,139.0,140.0,138.1,140.0,456192,63491097.9,,,,render_normalized,tasi_2026-09-01_2026-09-01_20260901T153022227947Z,9122653c91d4643420c4862727a328e510502dca7ca410440f436a4704a9961e
2230,2026-09-01,7.9,8.18,7.87,8.06,16231809,130061400.59,,,,render_normalized,tasi_2026-09-01_2026-09-01_20260901T153022227947Z,9122653c91d4643420c4862727a328e510502dca7ca410440f436a4704a9961e
2240,2026-09-01,28.38,28.38,27.4,27.46,372984,10331380.86,,,,render_normalized,tasi_2026-09-01_2026-09-01_20260901T153022227947Z,9122653c91d4643420c4862727a328e510502dca7ca410440f436a4704a9961e
2250,2026-09-01,12.39,12.44,12.1,12.2,1055199,12911705.17,,,,render_normalized,tasi_2026-09-01_2026-09-01_20260901T153022227947Z,9122653c91d4643420c4862727a328e510502dca7ca410440f436a4704a9961e
2270,2026-09-01,204.0,206.5,203.2,205.9,35504,7274547.0,,,,render_normalized,tasi_2026-09-01_2026-09-01_20260901T153022227947Z,9122653c91d4643420c4862727a328e510502dca7ca410440f436a4704a9961e
2280,2026-09-01,49.0,49.34,48.02,48.1,798050,38833890.8,,,,render_normalized,tasi_2026-09-01_2026-09-01_20260901T153022227947Z,9122653c91d4643420c4862727a328e510502dca7ca410440f436a4704a9961e
2281,2026-09-01,62.9,63.1,62.4,62.55,36722,2303158.5,,,,render_normalized,tasi_2026-09-01_2026-09-01_20260901T153022227947Z,9122653c91d4643420c4862727a328e510502dca7ca410440f436a4704a9961e
2282,2026-09-01,55.9,57.0,55.9,56.5,29943,1695807.5,,,,render_normalized,tasi_2026-09-01_2026-09-01_20260901T153022227947Z,9122653c91d4643420c4862727a328e510502dca7ca410440f436a4704a9961e
2283,2026-09-01,52.1,52.3,51.75,51.95,45490,2362614.3,,,,render_normalized,tasi_2026-09-01_2026-09-01_20260901T153022227947Z,9122653c91d4643420c4862727a328e510502dca7ca410440f436a4704a9961e
2284,2026-09-01,28.1,28.1,27.76,27.86,44144,1230622.1,,,,render_normalized,tasi_2026-09-01_2026-09-01_20260901T153022227947Z,9122653c91d4643420c4862727a328e510502dca7ca410440f436a4704a9961e
2285,2026-09-01,42.3,42.4,42.04,42.2,60943,2576672.44,,,,render_normalized,tasi_2026-09-01_2026-09-01_20260901T153022227947Z,9122653c91d4643420c4862727a328e510502dca7ca410440f436a4704a9961e
2286,2026-09-01,4.0,4.03,3.98,4.03,1085275,4353503.59,,,,render_normalized,tasi_2026-09-01_2026-09-01_20260901T153022227947Z,9122653c91d4643420c4862727a328e510502dca7ca410440f436a4704a9961e
2287,2026-09-01,22.91,23.18,22.91,23.12,57342,1324293.98,,,,render_normalized,tasi_2026-09-01_2026-09-01_20260901T153022227947Z,9122653c91d4643420c4862727a328e510502dca7ca410440f436a4704a9961e
2288,2026-09-01,6.23,6.23,6.11,6.18,59626,366604.15,,,,render_normalized,tasi_2026-09-01_2026-09-01_20260901T153022227947Z,9122653c91d4643420c4862727a328e510502dca7ca410440f436a4704a9961e
2290,2026-09-01,33.98,34.34,33.7,34.04,313071,10645503.72,,,,render_normalized,tasi_2026-09-01_2026-09-01_20260901T153022227947Z,9122653c91d4643420c4862727a328e510502dca7ca410440f436a4704a9961e
2300,2026-09-01,66.0,66.85,64.35,65.9,216334,14178596.45,,,,render_normalized,tasi_2026-09-01_2026-09-01_20260901T153022227947Z,9122653c91d4643420c4862727a328e510502dca7ca410440f436a4704a9961e
2310,2026-09-01,13.2,13.34,13.1,13.27,1516589,19997873.57,,,,render_normalized,tasi_2026-09-01_2026-09-01_20260901T153022227947Z,9122653c91d4643420c4862727a328e510502dca7ca410440f436a4704a9961e
2320,2026-09-01,61.7,61.7,59.95,60.3,554864,33568390.7,,,,render_normalized,tasi_2026-09-01_2026-09-01_20260901T153022227947Z,9122653c91d4643420c4862727a328e510502dca7ca410440f436a4704a9961e
2330,2026-09-01,23.93,24.09,23.74,23.75,215767,5154021.31,,,,render_normalized,tasi_2026-09-01_2026-09-01_20260901T153022227947Z,9122653c91d4643420c4862727a328e510502dca7ca410440f436a4704a9961e
2340,2026-09-01,11.49,11.49,11.29,11.32,83026,943080.72,,,,render_normalized,tasi_2026-09-01_2026-09-01_20260901T153022227947Z,9122653c91d4643420c4862727a328e510502dca7ca410440f436a4704a9961e
2350,2026-09-01,5.25,5.34,5.25,5.29,5543763,29329910.47,,,,render_normalized,tasi_2026-09-01_2026-09-01_20260901T153022227947Z,9122653c91d4643420c4862727a328e510502dca7ca410440f436a4704a9961e
2360,2026-09-01,21.38,21.38,20.42,20.65,164016,3417564.42,,,,render_normalized,tasi_2026-09-01_2026-09-01_20260901T153022227947Z,9122653c91d4643420c4862727a328e510502dca7ca410440f436a4704a9961e
2370,2026-09-01,35.38,35.6,34.2,34.78,536873,18673455.0,,,,render_normalized,tasi_2026-09-01_2026-09-01_20260901T153022227947Z,9122653c91d4643420c4862727a328e510502dca7ca410440f436a4704a9961e
2380,2026-09-01,17.01,17.89,17.01,17.55,10641033,186453171.55,,,,render_normalized,tasi_2026-09-01_2026-09-01_20260901T153022227947Z,9122653c91d4643420c4862727a328e510502dca7ca410440f436a4704a9961e
2381,2026-09-01,95.1,97.85,94.9,97.45,192454,18553227.85,,,,render_normalized,tasi_2026-09-01_2026-09-01_20260901T153022227947Z,9122653c91d4643420c4862727a328e510502dca7ca410440f436a4704a9961e
2382,2026-09-01,18.35,18.35,18.0,18.08,1115796,20200874.16,,,,render_normalized,tasi_2026-09-01_2026-09-01_20260901T153022227947Z,9122653c91d4643420c4862727a328e510502dca7ca410440f436a4704a9961e
3002,2026-09-01,5.55,5.59,5.53,5.55,205524,1141670.95,,,,render_normalized,tasi_2026-09-01_2026-09-01_20260901T153022227947Z,9122653c91d4643420c4862727a328e510502dca7ca410440f436a4704a9961e
3003,2026-09-01,10.24,10.26,10.21,10.21,264577,2704641.36,,,,render_normalized,tasi_2026-09-01_2026-09-01_20260901T153022227947Z,9122653c91d4643420c4862727a328e510502dca7ca410440f436a4704a9961e
3004,2026-09-01,6.66,6.7,6.66,6.7,237011,1584252.86,,,,render_normalized,tasi_2026-09-01_2026-09-01_20260901T153022227947Z,9122653c91d4643420c4862727a328e510502dca7ca410440f436a4704a9961e
3005,2026-09-01,12.29,12.35,12.24,12.33,39974,491575.44,,,,render_normalized,tasi_2026-09-01_2026-09-01_20260901T153022227947Z,9122653c91d4643420c4862727a328e510502dca7ca410440f436a4704a9961e
3007,2026-09-01,2.81,2.83,2.76,2.76,863182,2404477.82,,,,render_normalized,tasi_2026-09-01_2026-09-01_20260901T153022227947Z,9122653c91d4643420c4862727a328e510502dca7ca410440f436a4704a9961e
3008,2026-09-01,1.21,1.22,1.19,1.2,4126416,4972535.89,,,,render_normalized,tasi_2026-09-01_2026-09-01_20260901T153022227947Z,9122653c91d4643420c4862727a328e510502dca7ca410440f436a4704a9961e
3010,2026-09-01,22.05,22.09,21.6,21.73,232023,5084112.95,,,,render_normalized,tasi_2026-09-01_2026-09-01_20260901T153022227947Z,9122653c91d4643420c4862727a328e510502dca7ca410440f436a4704a9961e
3020,2026-09-01,23.29,23.35,23.02,23.23,563104,13042530.05,,,,render_normalized,tasi_2026-09-01_2026-09-01_20260901T153022227947Z,9122653c91d4643420c4862727a328e510502dca7ca410440f436a4704a9961e
3030,2026-09-01,28.78,28.78,28.38,28.58,253107,7207519.68,,,,render_normalized,tasi_2026-09-01_2026-09-01_20260901T153022227947Z,9122653c91d4643420c4862727a328e510502dca7ca410440f436a4704a9961e
3040,2026-09-01,45.18,45.56,45.18,45.34,79392,3605195.54,,,,render_normalized,tasi_2026-09-01_2026-09-01_20260901T153022227947Z,9122653c91d4643420c4862727a328e510502dca7ca410440f436a4704a9961e
3050,2026-09-01,19.64,19.73,19.46,19.6,39962,782715.79,,,,render_normalized,tasi_2026-09-01_2026-09-01_20260901T153022227947Z,9122653c91d4643420c4862727a328e510502dca7ca410440f436a4704a9961e
3060,2026-09-01,15.18,15.48,15.1,15.48,1543887,23718393.63,,,,render_normalized,tasi_2026-09-01_2026-09-01_20260901T153022227947Z,9122653c91d4643420c4862727a328e510502dca7ca410440f436a4704a9961e
3080,2026-09-01,25.36,25.36,25.12,25.3,64675,1631217.24,,,,render_normalized,tasi_2026-09-01_2026-09-01_20260901T153022227947Z,9122653c91d4643420c4862727a328e510502dca7ca410440f436a4704a9961e
3090,2026-09-01,7.33,7.39,7.33,7.35,44091,324456.52,,,,render_normalized,tasi_2026-09-01_2026-09-01_20260901T153022227947Z,9122653c91d4643420c4862727a328e510502dca7ca410440f436a4704a9961e
3091,2026-09-01,4.93,4.97,4.92,4.95,183627,906170.28,,,,render_normalized,tasi_2026-09-01_2026-09-01_20260901T153022227947Z,9122653c91d4643420c4862727a328e510502dca7ca410440f436a4704a9961e
3092,2026-09-01,23.25,23.25,23.03,23.08,178441,4128077.6,,,,render_normalized,tasi_2026-09-01_2026-09-01_20260901T153022227947Z,9122653c91d4643420c4862727a328e510502dca7ca410440f436a4704a9961e
4001,2026-09-01,5.0,5.01,4.97,4.97,1078508,5377806.69,,,,render_normalized,tasi_2026-09-01_2026-09-01_20260901T153022227947Z,9122653c91d4643420c4862727a328e510502dca7ca410440f436a4704a9961e
4002,2026-09-01,65.5,66.9,64.95,65.9,674962,44537046.2,,,,render_normalized,tasi_2026-09-01_2026-09-01_20260901T153022227947Z,9122653c91d4643420c4862727a328e510502dca7ca410440f436a4704a9961e
4003,2026-09-01,65.75,67.5,65.65,67.4,376926,25322377.35,,,,render_normalized,tasi_2026-09-01_2026-09-01_20260901T153022227947Z,9122653c91d4643420c4862727a328e510502dca7ca410440f436a4704a9961e
4004,2026-09-01,85.4,87.7,84.1,85.4,131171,11319929.7,,,,render_normalized,tasi_2026-09-01_2026-09-01_20260901T153022227947Z,9122653c91d4643420c4862727a328e510502dca7ca410440f436a4704a9961e
4005,2026-09-01,125.5,125.5,123.1,123.6,53699,6659629.2,,,,render_normalized,tasi_2026-09-01_2026-09-01_20260901T153022227947Z,9122653c91d4643420c4862727a328e510502dca7ca410440f436a4704a9961e
4006,2026-09-01,12.2,12.24,12.11,12.12,44537,541501.63,,,,render_normalized,tasi_2026-09-01_2026-09-01_20260901T153022227947Z,9122653c91d4643420c4862727a328e510502dca7ca410440f436a4704a9961e
4007,2026-09-01,25.2,25.2,24.9,24.95,254664,6382721.81,,,,render_normalized,tasi_2026-09-01_2026-09-01_20260901T153022227947Z,9122653c91d4643420c4862727a328e510502dca7ca410440f436a4704a9961e
4008,2026-09-01,20.96,21.04,20.8,20.8,21554,450714.7,,,,render_normalized,tasi_2026-09-01_2026-09-01_20260901T153022227947Z,9122653c91d4643420c4862727a328e510502dca7ca410440f436a4704a9961e
4009,2026-09-01,32.94,33.5,32.76,33.08,740647,24548266.06,,,,render_normalized,tasi_2026-09-01_2026-09-01_20260901T153022227947Z,9122653c91d4643420c4862727a328e510502dca7ca410440f436a4704a9961e
4011,2026-09-01,10.58,10.61,10.5,10.57,100370,1061223.85,,,,render_normalized,tasi_2026-09-01_2026-09-01_20260901T153022227947Z,9122653c91d4643420c4862727a328e510502dca7ca410440f436a4704a9961e
4012,2026-09-01,3.51,3.54,3.49,3.49,534860,1873937.19,,,,render_normalized,tasi_2026-09-01_2026-09-01_20260901T153022227947Z,9122653c91d4643420c4862727a328e510502dca7ca410440f436a4704a9961e
4013,2026-09-01,235.0,237.2,233.6,235.0,147421,34734736.2,,,,render_normalized,tasi_2026-09-01_2026-09-01_20260901T153022227947Z,9122653c91d4643420c4862727a328e510502dca7ca410440f436a4704a9961e
4014,2026-09-01,28.28,28.56,28.2,28.26,37849,1073858.28,,,,render_normalized,tasi_2026-09-01_2026-09-01_20260901T153022227947Z,9122653c91d4643420c4862727a328e510502dca7ca410440f436a4704a9961e
4015,2026-09-01,137.8,138.5,136.0,136.1,57360,7864728.2,,,,render_normalized,tasi_2026-09-01_2026-09-01_20260901T153022227947Z,9122653c91d4643420c4862727a328e510502dca7ca410440f436a4704a9961e
4016,2026-09-01,67.5,68.1,66.75,67.8,242901,16409553.55,,,,render_normalized,tasi_2026-09-01_2026-09-01_20260901T153022227947Z,9122653c91d4643420c4862727a328e510502dca7ca410440f436a4704a9961e
4017,2026-09-01,37.42,39.0,37.42,38.54,243011,9328028.68,,,,render_normalized,tasi_2026-09-01_2026-09-01_20260901T153022227947Z,9122653c91d4643420c4862727a328e510502dca7ca410440f436a4704a9961e
4018,2026-09-01,118.7,122.5,118.2,121.7,55205,6659227.9,,,,render_normalized,tasi_2026-09-01_2026-09-01_20260901T153022227947Z,9122653c91d4643420c4862727a328e510502dca7ca410440f436a4704a9961e
4019,2026-09-01,16.4,16.7,16.38,16.65,726482,12058592.53,,,,render_normalized,tasi_2026-09-01_2026-09-01_20260901T153022227947Z,9122653c91d4643420c4862727a328e510502dca7ca410440f436a4704a9961e
4020,2026-09-01,15.4,15.41,15.14,15.14,554493,8460608.82,,,,render_normalized,tasi_2026-09-01_2026-09-01_20260901T153022227947Z,9122653c91d4643420c4862727a328e510502dca7ca410440f436a4704a9961e
4021,2026-09-01,5.64,5.67,5.57,5.58,667059,3740234.36,,,,render_normalized,tasi_2026-09-01_2026-09-01_20260901T153022227947Z,9122653c91d4643420c4862727a328e510502dca7ca410440f436a4704a9961e
4030,2026-09-01,35.32,35.6,35.2,35.36,1453134,51387974.8,,,,render_normalized,tasi_2026-09-01_2026-09-01_20260901T153022227947Z,9122653c91d4643420c4862727a328e510502dca7ca410440f436a4704a9961e
4031,2026-09-01,27.22,27.22,27.04,27.22,198293,5380730.86,,,,render_normalized,tasi_2026-09-01_2026-09-01_20260901T153022227947Z,9122653c91d4643420c4862727a328e510502dca7ca410440f436a4704a9961e
4040,2026-09-01,11.93,12.38,11.87,12.18,2594533,31615952.82,,,,render_normalized,tasi_2026-09-01_2026-09-01_20260901T153022227947Z,9122653c91d4643420c4862727a328e510502dca7ca410440f436a4704a9961e
4050,2026-09-01,42.18,42.7,41.92,42.66,186736,7935405.76,,,,render_normalized,tasi_2026-09-01_2026-09-01_20260901T153022227947Z,9122653c91d4643420c4862727a328e510502dca7ca410440f436a4704a9961e
4051,2026-09-01,5.5,5.51,5.45,5.48,364617,1997169.91,,,,render_normalized,tasi_2026-09-01_2026-09-01_20260901T153022227947Z,9122653c91d4643420c4862727a328e510502dca7ca410440f436a4704a9961e
4061,2026-09-01,12.26,12.36,12.2,12.21,254921,3129256.89,,,,render_normalized,tasi_2026-09-01_2026-09-01_20260901T153022227947Z,9122653c91d4643420c4862727a328e510502dca7ca410440f436a4704a9961e
4070,2026-09-01,21.09,21.1,20.9,21.08,122642,2573269.38,,,,render_normalized,tasi_2026-09-01_2026-09-01_20260901T153022227947Z,9122653c91d4643420c4862727a328e510502dca7ca410440f436a4704a9961e
4071,2026-09-01,61.75,63.7,61.1,63.3,609726,38116140.4,,,,render_normalized,tasi_2026-09-01_2026-09-01_20260901T153022227947Z,9122653c91d4643420c4862727a328e510502dca7ca410440f436a4704a9961e
4072,2026-09-01,20.2,20.2,19.98,20.02,104741,2100692.61,,,,render_normalized,tasi_2026-09-01_2026-09-01_20260901T153022227947Z,9122653c91d4643420c4862727a328e510502dca7ca410440f436a4704a9961e
4080,2026-09-01,8.48,8.57,8.38,8.46,729961,6188600.45,,,,render_normalized,tasi_2026-09-01_2026-09-01_20260901T153022227947Z,9122653c91d4643420c4862727a328e510502dca7ca410440f436a4704a9961e
4081,2026-09-01,10.05,10.2,10.0,10.09,888365,8969130.04,,,,render_normalized,tasi_2026-09-01_2026-09-01_20260901T153022227947Z,9122653c91d4643420c4862727a328e510502dca7ca410440f436a4704a9961e
4082,2026-09-01,8.88,9.07,8.86,9.01,34861,312404.39,,,,render_normalized,tasi_2026-09-01_2026-09-01_20260901T153022227947Z,9122653c91d4643420c4862727a328e510502dca7ca410440f436a4704a9961e
4083,2026-09-01,29.84,30.88,29.62,30.02,443359,13382516.14,,,,render_normalized,tasi_2026-09-01_2026-09-01_20260901T153022227947Z,9122653c91d4643420c4862727a328e510502dca7ca410440f436a4704a9961e
4084,2026-09-01,22.54,22.56,22.28,22.5,284262,6370181.27,,,,render_normalized,tasi_2026-09-01_2026-09-01_20260901T153022227947Z,9122653c91d4643420c4862727a328e510502dca7ca410440f436a4704a9961e
4090,2026-09-01,18.89,19.45,18.61,18.92,353469,6732641.13,,,,render_normalized,tasi_2026-09-01_2026-09-01_20260901T153022227947Z,9122653c91d4643420c4862727a328e510502dca7ca410440f436a4704a9961e
4100,2026-09-01,82.35,82.7,81.1,82.7,101438,8300045.6,,,,render_normalized,tasi_2026-09-01_2026-09-01_20260901T153022227947Z,9122653c91d4643420c4862727a328e510502dca7ca410440f436a4704a9961e
4110,2026-09-01,2.02,2.03,2.0,2.01,4763877,9598006.71,,,,render_normalized,tasi_2026-09-01_2026-09-01_20260901T153022227947Z,9122653c91d4643420c4862727a328e510502dca7ca410440f436a4704a9961e
4130,2026-09-01,2.26,2.26,2.21,2.22,4715475,10534959.56,,,,render_normalized,tasi_2026-09-01_2026-09-01_20260901T153022227947Z,9122653c91d4643420c4862727a328e510502dca7ca410440f436a4704a9961e
4140,2026-09-01,2.29,2.31,2.29,2.29,1014164,2331460.16,,,,render_normalized,tasi_2026-09-01_2026-09-01_20260901T153022227947Z,9122653c91d4643420c4862727a328e510502dca7ca410440f436a4704a9961e
4141,2026-09-01,20.29,20.35,20.08,20.1,36853,743660.77,,,,render_normalized,tasi_2026-09-01_2026-09-01_20260901T153022227947Z,9122653c91d4643420c4862727a328e510502dca7ca410440f436a4704a9961e
4142,2026-09-01,105.9,105.9,104.5,104.8,184815,19433923.1,,,,render_normalized,tasi_2026-09-01_2026-09-01_20260901T153022227947Z,9122653c91d4643420c4862727a328e510502dca7ca410440f436a4704a9961e
4143,2026-09-01,35.02,35.36,35.0,35.1,33880,1192150.8,,,,render_normalized,tasi_2026-09-01_2026-09-01_20260901T153022227947Z,9122653c91d4643420c4862727a328e510502dca7ca410440f436a4704a9961e
4144,2026-09-01,75.9,79.0,74.5,78.8,231416,17910698.3,,,,render_normalized,tasi_2026-09-01_2026-09-01_20260901T153022227947Z,9122653c91d4643420c4862727a328e510502dca7ca410440f436a4704a9961e
4145,2026-09-01,25.1,26.2,25.08,25.5,597632,15380627.64,,,,render_normalized,tasi_2026-09-01_2026-09-01_20260901T153022227947Z,9122653c91d4643420c4862727a328e510502dca7ca410440f436a4704a9961e
4146,2026-09-01,16.66,17.19,16.52,17.08,456027,7742328.84,,,,render_normalized,tasi_2026-09-01_2026-09-01_20260901T153022227947Z,9122653c91d4643420c4862727a328e510502dca7ca410440f436a4704a9961e
4147,2026-09-01,6.72,6.83,6.72,6.79,998193,6772568.53,,,,render_normalized,tasi_2026-09-01_2026-09-01_20260901T153022227947Z,9122653c91d4643420c4862727a328e510502dca7ca410440f436a4704a9961e
4148,2026-09-01,3.12,3.15,3.1,3.14,855070,2673096.49,,,,render_normalized,tasi_2026-09-01_2026-09-01_20260901T153022227947Z,9122653c91d4643420c4862727a328e510502dca7ca410440f436a4704a9961e
4150,2026-09-01,15.82,16.0,15.77,15.84,217264,3442927.84,,,,render_normalized,tasi_2026-09-01_2026-09-01_20260901T153022227947Z,9122653c91d4643420c4862727a328e510502dca7ca410440f436a4704a9961e
4160,2026-09-01,35.68,36.8,35.4,35.72,152348,5516313.44,,,,render_normalized,tasi_2026-09-01_2026-09-01_20260901T153022227947Z,9122653c91d4643420c4862727a328e510502dca7ca410440f436a4704a9961e
4161,2026-09-01,4.7,4.71,4.66,4.67,334457,1566020.2,,,,render_normalized,tasi_2026-09-01_2026-09-01_20260901T153022227947Z,9122653c91d4643420c4862727a328e510502dca7ca410440f436a4704a9961e
4162,2026-09-01,61.7,62.35,61.5,61.75,148743,9207587.2,,,,render_normalized,tasi_2026-09-01_2026-09-01_20260901T153022227947Z,9122653c91d4643420c4862727a328e510502dca7ca410440f436a4704a9961e
4163,2026-09-01,38.7,38.82,38.5,38.7,65136,2517291.88,,,,render_normalized,tasi_2026-09-01_2026-09-01_20260901T153022227947Z,9122653c91d4643420c4862727a328e510502dca7ca410440f436a4704a9961e
4164,2026-09-01,93.25,93.25,92.6,92.7,49355,4580095.65,,,,render_normalized,tasi_2026-09-01_2026-09-01_20260901T153022227947Z,9122653c91d4643420c4862727a328e510502dca7ca410440f436a4704a9961e
4165,2026-09-01,123.5,129.6,122.4,128.3,168131,21221137.9,,,,render_normalized,tasi_2026-09-01_2026-09-01_20260901T153022227947Z,9122653c91d4643420c4862727a328e510502dca7ca410440f436a4704a9961e
4170,2026-09-01,14.42,14.51,14.3,14.35,121184,1746335.09,,,,render_normalized,tasi_2026-09-01_2026-09-01_20260901T153022227947Z,9122653c91d4643420c4862727a328e510502dca7ca410440f436a4704a9961e
4180,2026-09-01,2.45,2.45,2.42,2.43,588074,1431949.86,,,,render_normalized,tasi_2026-09-01_2026-09-01_20260901T153022227947Z,9122653c91d4643420c4862727a328e510502dca7ca410440f436a4704a9961e
4190,2026-09-01,17.2,17.24,16.77,16.8,5025134,84792779.6,,,,render_normalized,tasi_2026-09-01_2026-09-01_20260901T153022227947Z,9122653c91d4643420c4862727a328e510502dca7ca410440f436a4704a9961e
4191,2026-09-01,42.34,42.7,41.84,42.0,351212,14874929.96,,,,render_normalized,tasi_2026-09-01_2026-09-01_20260901T153022227947Z,9122653c91d4643420c4862727a328e510502dca7ca410440f436a4704a9961e
4192,2026-09-01,6.49,6.52,6.42,6.48,199846,1292876.83,,,,render_normalized,tasi_2026-09-01_2026-09-01_20260901T153022227947Z,9122653c91d4643420c4862727a328e510502dca7ca410440f436a4704a9961e
4193,2026-09-01,12.32,12.42,12.2,12.4,507040,6246576.03,,,,render_normalized,tasi_2026-09-01_2026-09-01_20260901T153022227947Z,9122653c91d4643420c4862727a328e510502dca7ca410440f436a4704a9961e
4194,2026-09-01,41.22,41.86,41.22,41.64,61091,2542477.46,,,,render_normalized,tasi_2026-09-01_2026-09-01_20260901T153022227947Z,9122653c91d4643420c4862727a328e510502dca7ca410440f436a4704a9961e
4200,2026-09-01,118.0,121.0,118.0,121.0,432793,51718583.5,,,,render_normalized,tasi_2026-09-01_2026-09-01_20260901T153022227947Z,9122653c91d4643420c4862727a328e510502dca7ca410440f436a4704a9961e
4210,2026-09-01,62.25,62.7,61.65,62.0,96733,5999932.15,,,,render_normalized,tasi_2026-09-01_2026-09-01_20260901T153022227947Z,9122653c91d4643420c4862727a328e510502dca7ca410440f436a4704a9961e
4220,2026-09-01,9.96,9.96,9.81,9.85,365418,3606229.59,,,,render_normalized,tasi_2026-09-01_2026-09-01_20260901T153022227947Z,9122653c91d4643420c4862727a328e510502dca7ca410440f436a4704a9961e
4230,2026-09-01,23.55,23.78,23.49,23.56,302755,7143060.0,,,,render_normalized,tasi_2026-09-01_2026-09-01_20260901T153022227947Z,9122653c91d4643420c4862727a328e510502dca7ca410440f436a4704a9961e
4240,2026-09-01,17.36,17.77,17.16,17.6,2100460,36779818.77,,,,render_normalized,tasi_2026-09-01_2026-09-01_20260901T153022227947Z,9122653c91d4643420c4862727a328e510502dca7ca410440f436a4704a9961e
4250,2026-09-01,18.22,18.27,17.91,18.0,2170090,39201807.23,,,,render_normalized,tasi_2026-09-01_2026-09-01_20260901T153022227947Z,9122653c91d4643420c4862727a328e510502dca7ca410440f436a4704a9961e
4260,2026-09-01,31.4,32.04,31.32,31.96,387775,12327341.62,,,,render_normalized,tasi_2026-09-01_2026-09-01_20260901T153022227947Z,9122653c91d4643420c4862727a328e510502dca7ca410440f436a4704a9961e
4261,2026-09-01,21.15,21.51,21.08,21.25,631888,13472117.7,,,,render_normalized,tasi_2026-09-01_2026-09-01_20260901T153022227947Z,9122653c91d4643420c4862727a328e510502dca7ca410440f436a4704a9961e
4262,2026-09-01,28.02,28.14,27.76,27.92,117583,3284965.86,,,,render_normalized,tasi_2026-09-01_2026-09-01_20260901T153022227947Z,9122653c91d4643420c4862727a328e510502dca7ca410440f436a4704a9961e
4263,2026-09-01,165.2,168.7,165.2,166.8,280307,46962201.2,,,,render_normalized,tasi_2026-09-01_2026-09-01_20260901T153022227947Z,9122653c91d4643420c4862727a328e510502dca7ca410440f436a4704a9961e
4264,2026-09-01,49.4,49.5,49.08,49.34,156289,7708563.74,,,,render_normalized,tasi_2026-09-01_2026-09-01_20260901T153022227947Z,9122653c91d4643420c4862727a328e510502dca7ca410440f436a4704a9961e
4265,2026-09-01,23.99,24.03,23.8,23.86,60647,1449646.52,,,,render_normalized,tasi_2026-09-01_2026-09-01_20260901T153022227947Z,9122653c91d4643420c4862727a328e510502dca7ca410440f436a4704a9961e
4270,2026-09-01,8.4,8.86,8.2,8.24,8835036,75998577.03,,,,render_normalized,tasi_2026-09-01_2026-09-01_20260901T153022227947Z,9122653c91d4643420c4862727a328e510502dca7ca410440f436a4704a9961e
4280,2026-09-01,14.39,14.55,14.12,14.22,343279,4902487.72,,,,render_normalized,tasi_2026-09-01_2026-09-01_20260901T153022227947Z,9122653c91d4643420c4862727a328e510502dca7ca410440f436a4704a9961e
4290,2026-09-01,14.57,14.69,14.5,14.65,97283,1422967.26,,,,render_normalized,tasi_2026-09-01_2026-09-01_20260901T153022227947Z,9122653c91d4643420c4862727a328e510502dca7ca410440f436a4704a9961e
4291,2026-09-01,142.5,145.8,138.6,143.1,40299,5748526.4,,,,render_normalized,tasi_2026-09-01_2026-09-01_20260901T153022227947Z,9122653c91d4643420c4862727a328e510502dca7ca410440f436a4704a9961e
4292,2026-09-01,45.02,45.78,43.9,45.74,247157,11101575.78,,,,render_normalized,tasi_2026-09-01_2026-09-01_20260901T153022227947Z,9122653c91d4643420c4862727a328e510502dca7ca410440f436a4704a9961e
4300,2026-09-01,20.8,20.8,20.11,20.51,700497,14245852.44,,,,render_normalized,tasi_2026-09-01_2026-09-01_20260901T153022227947Z,9122653c91d4643420c4862727a328e510502dca7ca410440f436a4704a9961e
4310,2026-09-01,19.4,19.88,19.21,19.85,824668,16177214.16,,,,render_normalized,tasi_2026-09-01_2026-09-01_20260901T153022227947Z,9122653c91d4643420c4862727a328e510502dca7ca410440f436a4704a9961e
4320,2026-09-01,15.34,15.34,14.82,15.03,26219,393733.19,,,,render_normalized,tasi_2026-09-01_2026-09-01_20260901T153022227947Z,9122653c91d4643420c4862727a328e510502dca7ca410440f436a4704a9961e
4321,2026-09-01,16.25,16.26,16.11,16.14,515556,8339184.08,,,,render_normalized,tasi_2026-09-01_2026-09-01_20260901T153022227947Z,9122653c91d4643420c4862727a328e510502dca7ca410440f436a4704a9961e
4322,2026-09-01,9.77,10.01,9.67,9.94,1269838,12557216.22,,,,render_normalized,tasi_2026-09-01_2026-09-01_20260901T153022227947Z,9122653c91d4643420c4862727a328e510502dca7ca410440f436a4704a9961e
4323,2026-09-01,26.6,26.6,26.14,26.32,132167,3488119.4,,,,render_normalized,tasi_2026-09-01_2026-09-01_20260901T153022227947Z,9122653c91d4643420c4862727a328e510502dca7ca410440f436a4704a9961e
4324,2026-09-01,2.9,2.92,2.89,2.92,374064,1088150.33,,,,render_normalized,tasi_2026-09-01_2026-09-01_20260901T153022227947Z,9122653c91d4643420c4862727a328e510502dca7ca410440f436a4704a9961e
4325,2026-09-01,17.08,17.09,16.94,17.0,944951,16073567.22,,,,render_normalized,tasi_2026-09-01_2026-09-01_20260901T153022227947Z,9122653c91d4643420c4862727a328e510502dca7ca410440f436a4704a9961e
4326,2026-09-01,6.62,6.62,6.53,6.54,539301,3540501.36,,,,render_normalized,tasi_2026-09-01_2026-09-01_20260901T153022227947Z,9122653c91d4643420c4862727a328e510502dca7ca410440f436a4704a9961e
4327,2026-09-01,49.96,51.75,49.6,50.95,124662,6320737.76,,,,render_normalized,tasi_2026-09-01_2026-09-01_20260901T153022227947Z,9122653c91d4643420c4862727a328e510502dca7ca410440f436a4704a9961e
4328,2026-09-01,2.45,2.58,2.34,2.37,4969870,12282072.92,,,,render_normalized,tasi_2026-09-01_2026-09-01_20260901T153022227947Z,9122653c91d4643420c4862727a328e510502dca7ca410440f436a4704a9961e
4330,2026-09-01,4.87,4.93,4.87,4.9,189716,929931.44,,,,render_normalized,tasi_2026-09-01_2026-09-01_20260901T153022227947Z,9122653c91d4643420c4862727a328e510502dca7ca410440f436a4704a9961e
4331,2026-09-01,11.27,11.55,11.24,11.55,271232,3095489.06,,,,render_normalized,tasi_2026-09-01_2026-09-01_20260901T153022227947Z,9122653c91d4643420c4862727a328e510502dca7ca410440f436a4704a9961e
4332,2026-09-01,4.8,4.8,4.75,4.79,23913,114098.43,,,,render_normalized,tasi_2026-09-01_2026-09-01_20260901T153022227947Z,9122653c91d4643420c4862727a328e510502dca7ca410440f436a4704a9961e
4333,2026-09-01,10.44,10.5,10.39,10.46,9425,98486.33,,,,render_normalized,tasi_2026-09-01_2026-09-01_20260901T153022227947Z,9122653c91d4643420c4862727a328e510502dca7ca410440f436a4704a9961e
4334,2026-09-01,8.81,8.85,8.8,8.81,34668,305597.82,,,,render_normalized,tasi_2026-09-01_2026-09-01_20260901T153022227947Z,9122653c91d4643420c4862727a328e510502dca7ca410440f436a4704a9961e
4335,2026-09-01,3.46,3.47,3.43,3.47,37086,127996.09,,,,render_normalized,tasi_2026-09-01_2026-09-01_20260901T153022227947Z,9122653c91d4643420c4862727a328e510502dca7ca410440f436a4704a9961e
4336,2026-09-01,4.46,4.49,4.46,4.47,51505,230250.04,,,,render_normalized,tasi_2026-09-01_2026-09-01_20260901T153022227947Z,9122653c91d4643420c4862727a328e510502dca7ca410440f436a4704a9961e
4337,2026-09-01,4.57,4.67,4.56,4.59,59512,273849.29,,,,render_normalized,tasi_2026-09-01_2026-09-01_20260901T153022227947Z,9122653c91d4643420c4862727a328e510502dca7ca410440f436a4704a9961e
4338,2026-09-01,7.01,7.07,6.99,7.0,87417,613980.65,,,,render_normalized,tasi_2026-09-01_2026-09-01_20260901T153022227947Z,9122653c91d4643420c4862727a328e510502dca7ca410440f436a4704a9961e
4339,2026-09-01,5.3,5.31,5.27,5.27,137668,728944.96,,,,render_normalized,tasi_2026-09-01_2026-09-01_20260901T153022227947Z,9122653c91d4643420c4862727a328e510502dca7ca410440f436a4704a9961e
4340,2026-09-01,7.99,8.07,7.99,8.0,496935,3992237.05,,,,render_normalized,tasi_2026-09-01_2026-09-01_20260901T153022227947Z,9122653c91d4643420c4862727a328e510502dca7ca410440f436a4704a9961e
4342,2026-09-01,9.62,9.7,9.62,9.62,228296,2202924.06,,,,render_normalized,tasi_2026-09-01_2026-09-01_20260901T153022227947Z,9122653c91d4643420c4862727a328e510502dca7ca410440f436a4704a9961e
4344,2026-09-01,7.35,7.35,7.29,7.34,101731,743386.47,,,,render_normalized,tasi_2026-09-01_2026-09-01_20260901T153022227947Z,9122653c91d4643420c4862727a328e510502dca7ca410440f436a4704a9961e
4345,2026-09-01,4.71,4.72,4.68,4.7,71318,335267.55,,,,render_normalized,tasi_2026-09-01_2026-09-01_20260901T153022227947Z,9122653c91d4643420c4862727a328e510502dca7ca410440f436a4704a9961e
4346,2026-09-01,3.32,3.34,3.29,3.33,116870,386173.63,,,,render_normalized,tasi_2026-09-01_2026-09-01_20260901T153022227947Z,9122653c91d4643420c4862727a328e510502dca7ca410440f436a4704a9961e
4347,2026-09-01,9.9,9.95,9.87,9.87,126317,1254447.6,,,,render_normalized,tasi_2026-09-01_2026-09-01_20260901T153022227947Z,9122653c91d4643420c4862727a328e510502dca7ca410440f436a4704a9961e
4348,2026-09-01,5.64,5.66,5.63,5.64,242231,1367718.97,,,,render_normalized,tasi_2026-09-01_2026-09-01_20260901T153022227947Z,9122653c91d4643420c4862727a328e510502dca7ca410440f436a4704a9961e
4349,2026-09-01,7.7,7.71,7.54,7.56,3419256,25456415.24,,,,render_normalized,tasi_2026-09-01_2026-09-01_20260901T153022227947Z,9122653c91d4643420c4862727a328e510502dca7ca410440f436a4704a9961e
4350,2026-09-01,6.86,6.86,6.81,6.82,26223,178768.1,,,,render_normalized,tasi_2026-09-01_2026-09-01_20260901T153022227947Z,9122653c91d4643420c4862727a328e510502dca7ca410440f436a4704a9961e
4700,2026-09-01,4.72,4.75,4.7,4.74,16672,78879.9,,,,render_normalized,tasi_2026-09-01_2026-09-01_20260901T153022227947Z,9122653c91d4643420c4862727a328e510502dca7ca410440f436a4704a9961e
4702,2026-09-01,7.37,7.41,7.35,7.4,30397,224021.58,,,,render_normalized,tasi_2026-09-01_2026-09-01_20260901T153022227947Z,9122653c91d4643420c4862727a328e510502dca7ca410440f436a4704a9961e
4703,2026-09-01,6.73,6.85,6.73,6.76,30872,208671.72,,,,render_normalized,tasi_2026-09-01_2026-09-01_20260901T153022227947Z,9122653c91d4643420c4862727a328e510502dca7ca410440f436a4704a9961e
5110,2026-09-01,17.4,17.41,17.17,17.34,1000307,17305220.1,,,,render_normalized,tasi_2026-09-01_2026-09-01_20260901T153022227947Z,9122653c91d4643420c4862727a328e510502dca7ca410440f436a4704a9961e
6001,2026-09-01,32.28,32.58,31.86,32.2,41836,1348886.44,,,,render_normalized,tasi_2026-09-01_2026-09-01_20260901T153022227947Z,9122653c91d4643420c4862727a328e510502dca7ca410440f436a4704a9961e
6002,2026-09-01,15.99,15.99,15.6,15.6,43653,684560.05,,,,render_normalized,tasi_2026-09-01_2026-09-01_20260901T153022227947Z,9122653c91d4643420c4862727a328e510502dca7ca410440f436a4704a9961e
6004,2026-09-01,71.35,71.45,70.5,70.65,108658,7704106.4,,,,render_normalized,tasi_2026-09-01_2026-09-01_20260901T153022227947Z,9122653c91d4643420c4862727a328e510502dca7ca410440f436a4704a9961e
6010,2026-09-01,15.3,15.43,15.2,15.22,194751,2973075.58,,,,render_normalized,tasi_2026-09-01_2026-09-01_20260901T153022227947Z,9122653c91d4643420c4862727a328e510502dca7ca410440f436a4704a9961e
6012,2026-09-01,16.79,17.0,16.46,16.85,272841,4578929.63,,,,render_normalized,tasi_2026-09-01_2026-09-01_20260901T153022227947Z,9122653c91d4643420c4862727a328e510502dca7ca410440f436a4704a9961e
6013,2026-09-01,92.25,92.25,90.8,91.0,16675,1520964.0,,,,render_normalized,tasi_2026-09-01_2026-09-01_20260901T153022227947Z,9122653c91d4643420c4862727a328e510502dca7ca410440f436a4704a9961e
6014,2026-09-01,42.1,43.66,41.98,43.38,201184,8634480.46,,,,render_normalized,tasi_2026-09-01_2026-09-01_20260901T153022227947Z,9122653c91d4643420c4862727a328e510502dca7ca410440f436a4704a9961e
6015,2026-09-01,2.49,2.52,2.46,2.48,17626325,44001452.95,,,,render_normalized,tasi_2026-09-01_2026-09-01_20260901T153022227947Z,9122653c91d4643420c4862727a328e510502dca7ca410440f436a4704a9961e
6016,2026-09-01,7.32,7.38,7.25,7.25,194931,1423047.75,,,,render_normalized,tasi_2026-09-01_2026-09-01_20260901T153022227947Z,9122653c91d4643420c4862727a328e510502dca7ca410440f436a4704a9961e
6017,2026-09-01,13.15,13.33,12.92,13.05,1216184,15985028.64,,,,render_normalized,tasi_2026-09-01_2026-09-01_20260901T153022227947Z,9122653c91d4643420c4862727a328e510502dca7ca410440f436a4704a9961e
6018,2026-09-01,8.1,8.34,8.08,8.27,833433,6891037.56,,,,render_normalized,tasi_2026-09-01_2026-09-01_20260901T153022227947Z,9122653c91d4643420c4862727a328e510502dca7ca410440f436a4704a9961e
6019,2026-09-01,25.3,25.3,24.9,24.99,106407,2663785.72,,,,render_normalized,tasi_2026-09-01_2026-09-01_20260901T153022227947Z,9122653c91d4643420c4862727a328e510502dca7ca410440f436a4704a9961e
6020,2026-09-01,12.46,12.55,12.38,12.42,41637,517386.17,,,,render_normalized,tasi_2026-09-01_2026-09-01_20260901T153022227947Z,9122653c91d4643420c4862727a328e510502dca7ca410440f436a4704a9961e
6022,2026-09-01,54.95,58.65,54.45,54.5,147651,8333429.7,,,,render_normalized,tasi_2026-09-01_2026-09-01_20260901T153022227947Z,9122653c91d4643420c4862727a328e510502dca7ca410440f436a4704a9961e
6040,2026-09-01,8.8,9.22,8.8,9.01,800649,7195597.76,,,,render_normalized,tasi_2026-09-01_2026-09-01_20260901T153022227947Z,9122653c91d4643420c4862727a328e510502dca7ca410440f436a4704a9961e
6050,2026-09-01,71.65,72.4,67.9,67.9,788393,55413427.35,,,,render_normalized,tasi_2026-09-01_2026-09-01_20260901T153022227947Z,9122653c91d4643420c4862727a328e510502dca7ca410440f436a4704a9961e
6060,2026-09-01,14.7,14.86,14.44,14.55,285931,4167873.08,,,,render_normalized,tasi_2026-09-01_2026-09-01_20260901T153022227947Z,9122653c91d4643420c4862727a328e510502dca7ca410440f436a4704a9961e
6070,2026-09-01,39.98,40.18,39.74,39.98,91234,3649764.32,,,,render_normalized,tasi_2026-09-01_2026-09-01_20260901T153022227947Z,9122653c91d4643420c4862727a328e510502dca7ca410440f436a4704a9961e
6090,2026-09-01,8.22,8.22,8.05,8.1,82468,667903.81,,,,render_normalized,tasi_2026-09-01_2026-09-01_20260901T153022227947Z,9122653c91d4643420c4862727a328e510502dca7ca410440f436a4704a9961e
7010,2026-09-01,44.68,44.68,44.2,44.34,2227002,98753850.12,,,,render_normalized,tasi_2026-09-01_2026-09-01_20260901T153022227947Z,9122653c91d4643420c4862727a328e510502dca7ca410440f436a4704a9961e
7020,2026-09-01,66.9,66.9,66.05,66.3,1823444,121115696.8,,,,render_normalized,tasi_2026-09-01_2026-09-01_20260901T153022227947Z,9122653c91d4643420c4862727a328e510502dca7ca410440f436a4704a9961e
7030,2026-09-01,10.33,10.37,10.31,10.32,657716,6795278.94,,,,render_normalized,tasi_2026-09-01_2026-09-01_20260901T153022227947Z,9122653c91d4643420c4862727a328e510502dca7ca410440f436a4704a9961e
7040,2026-09-01,87.6,87.65,86.9,86.9,99534,8672062.25,,,,render_normalized,tasi_2026-09-01_2026-09-01_20260901T153022227947Z,9122653c91d4643420c4862727a328e510502dca7ca410440f436a4704a9961e
7200,2026-09-01,297.0,314.0,294.0,314.0,182869,55697772.0,,,,render_normalized,tasi_2026-09-01_2026-09-01_20260901T153022227947Z,9122653c91d4643420c4862727a328e510502dca7ca410440f436a4704a9961e
7201,2026-09-01,3.78,3.9,3.76,3.81,1775735,6802030.14,,,,render_normalized,tasi_2026-09-01_2026-09-01_20260901T153022227947Z,9122653c91d4643420c4862727a328e510502dca7ca410440f436a4704a9961e
7202,2026-09-01,208.9,216.8,208.0,216.0,489607,104097219.5,,,,render_normalized,tasi_2026-09-01_2026-09-01_20260901T153022227947Z,9122653c91d4643420c4862727a328e510502dca7ca410440f436a4704a9961e
7203,2026-09-01,637.5,637.5,618.0,620.5,93840,58569472.0,,,,render_normalized,tasi_2026-09-01_2026-09-01_20260901T153022227947Z,9122653c91d4643420c4862727a328e510502dca7ca410440f436a4704a9961e
7204,2026-09-01,6.78,7.06,6.74,6.86,2196782,15231203.45,,,,render_normalized,tasi_2026-09-01_2026-09-01_20260901T153022227947Z,9122653c91d4643420c4862727a328e510502dca7ca410440f436a4704a9961e
7205,2026-09-01,11.85,12.03,11.85,11.87,833405,9944331.37,,,,render_normalized,tasi_2026-09-01_2026-09-01_20260901T153022227947Z,9122653c91d4643420c4862727a328e510502dca7ca410440f436a4704a9961e
7211,2026-09-01,26.8,28.92,26.8,27.92,1178968,33442203.26,,,,render_normalized,tasi_2026-09-01_2026-09-01_20260901T153022227947Z,9122653c91d4643420c4862727a328e510502dca7ca410440f436a4704a9961e
8010,2026-09-01,137.5,139.3,136.0,137.8,279015,38491926.7,,,,render_normalized,tasi_2026-09-01_2026-09-01_20260901T153022227947Z,9122653c91d4643420c4862727a328e510502dca7ca410440f436a4704a9961e
8012,2026-09-01,11.52,11.65,11.52,11.57,89295,1035603.1,,,,render_normalized,tasi_2026-09-01_2026-09-01_20260901T153022227947Z,9122653c91d4643420c4862727a328e510502dca7ca410440f436a4704a9961e
8020,2026-09-01,10.3,10.35,10.17,10.19,152616,1568516.45,,,,render_normalized,tasi_2026-09-01_2026-09-01_20260901T153022227947Z,9122653c91d4643420c4862727a328e510502dca7ca410440f436a4704a9961e
8030,2026-09-01,17.1,17.1,16.86,16.9,265154,4495955.84,,,,render_normalized,tasi_2026-09-01_2026-09-01_20260901T153022227947Z,9122653c91d4643420c4862727a328e510502dca7ca410440f436a4704a9961e
8040,2026-09-01,13.48,13.56,13.31,13.36,107983,1450255.47,,,,render_normalized,tasi_2026-09-01_2026-09-01_20260901T153022227947Z,9122653c91d4643420c4862727a328e510502dca7ca410440f436a4704a9961e
8050,2026-09-01,8.81,9.0,8.81,8.88,185053,1648134.75,,,,render_normalized,tasi_2026-09-01_2026-09-01_20260901T153022227947Z,9122653c91d4643420c4862727a328e510502dca7ca410440f436a4704a9961e
8060,2026-09-01,11.22,11.38,11.12,11.34,304683,3439283.3,,,,render_normalized,tasi_2026-09-01_2026-09-01_20260901T153022227947Z,9122653c91d4643420c4862727a328e510502dca7ca410440f436a4704a9961e
8070,2026-09-01,12.44,12.44,12.26,12.33,195580,2410826.45,,,,render_normalized,tasi_2026-09-01_2026-09-01_20260901T153022227947Z,9122653c91d4643420c4862727a328e510502dca7ca410440f436a4704a9961e
8100,2026-09-01,10.81,10.84,10.6,10.72,61445,659003.87,,,,render_normalized,tasi_2026-09-01_2026-09-01_20260901T153022227947Z,9122653c91d4643420c4862727a328e510502dca7ca410440f436a4704a9961e
8120,2026-09-01,14.62,14.69,14.32,14.4,159369,2308405.35,,,,render_normalized,tasi_2026-09-01_2026-09-01_20260901T153022227947Z,9122653c91d4643420c4862727a328e510502dca7ca410440f436a4704a9961e
8150,2026-09-01,8.32,8.5,8.28,8.32,519778,4351951.85,,,,render_normalized,tasi_2026-09-01_2026-09-01_20260901T153022227947Z,9122653c91d4643420c4862727a328e510502dca7ca410440f436a4704a9961e
8160,2026-09-01,8.9,8.9,8.73,8.81,99215,873094.9,,,,render_normalized,tasi_2026-09-01_2026-09-01_20260901T153022227947Z,9122653c91d4643420c4862727a328e510502dca7ca410440f436a4704a9961e
8170,2026-09-01,8.14,8.31,8.03,8.12,693197,5674802.42,,,,render_normalized,tasi_2026-09-01_2026-09-01_20260901T153022227947Z,9122653c91d4643420c4862727a328e510502dca7ca410440f436a4704a9961e
8180,2026-09-01,11.41,11.64,11.41,11.44,150367,1737549.11,,,,render_normalized,tasi_2026-09-01_2026-09-01_20260901T153022227947Z,9122653c91d4643420c4862727a328e510502dca7ca410440f436a4704a9961e
8190,2026-09-01,3.53,3.53,3.45,3.46,482831,1683600.83,,,,render_normalized,tasi_2026-09-01_2026-09-01_20260901T153022227947Z,9122653c91d4643420c4862727a328e510502dca7ca410440f436a4704a9961e
8200,2026-09-01,26.18,26.36,25.76,25.8,639159,16650110.36,,,,render_normalized,tasi_2026-09-01_2026-09-01_20260901T153022227947Z,9122653c91d4643420c4862727a328e510502dca7ca410440f436a4704a9961e
8210,2026-09-01,156.9,159.0,155.7,157.2,205760,32344334.2,,,,render_normalized,tasi_2026-09-01_2026-09-01_20260901T153022227947Z,9122653c91d4643420c4862727a328e510502dca7ca410440f436a4704a9961e
8230,2026-09-01,55.35,57.2,54.85,56.65,546134,30938211.0,,,,render_normalized,tasi_2026-09-01_2026-09-01_20260901T153022227947Z,9122653c91d4643420c4862727a328e510502dca7ca410440f436a4704a9961e
8240,2026-09-01,18.5,18.56,18.26,18.39,113421,2084274.7,,,,render_normalized,tasi_2026-09-01_2026-09-01_20260901T153022227947Z,9122653c91d4643420c4862727a328e510502dca7ca410440f436a4704a9961e
8250,2026-09-01,32.3,32.56,32.0,32.26,73989,2389270.5,,,,render_normalized,tasi_2026-09-01_2026-09-01_20260901T153022227947Z,9122653c91d4643420c4862727a328e510502dca7ca410440f436a4704a9961e
8260,2026-09-01,4.29,4.31,4.25,4.28,100902,432378.75,,,,render_normalized,tasi_2026-09-01_2026-09-01_20260901T153022227947Z,9122653c91d4643420c4862727a328e510502dca7ca410440f436a4704a9961e
8280,2026-09-01,15.16,15.36,15.08,15.2,123485,1881950.4,,,,render_normalized,tasi_2026-09-01_2026-09-01_20260901T153022227947Z,9122653c91d4643420c4862727a328e510502dca7ca410440f436a4704a9961e
8300,2026-09-01,15.25,15.25,14.94,14.94,184189,2770051.52,,,,render_normalized,tasi_2026-09-01_2026-09-01_20260901T153022227947Z,9122653c91d4643420c4862727a328e510502dca7ca410440f436a4704a9961e
8310,2026-09-01,7.92,8.0,7.71,7.88,483323,3831465.8,,,,render_normalized,tasi_2026-09-01_2026-09-01_20260901T153022227947Z,9122653c91d4643420c4862727a328e510502dca7ca410440f436a4704a9961e
8311,2026-09-01,11.22,11.53,11.16,11.24,678822,7695736.57,,,,render_normalized,tasi_2026-09-01_2026-09-01_20260901T153022227947Z,9122653c91d4643420c4862727a328e510502dca7ca410440f436a4704a9961e
8313,2026-09-01,136.5,138.5,134.3,134.6,226381,30712278.7,,,,render_normalized,tasi_2026-09-01_2026-09-01_20260901T153022227947Z,9122653c91d4643420c4862727a328e510502dca7ca410440f436a4704a9961e
9400,2026-09-01,49.82,49.86,49.6,49.81,1222,60640.86,,,,render_normalized,tasi_2026-09-01_2026-09-01_20260901T153022227947Z,9122653c91d4643420c4862727a328e510502dca7ca410440f436a4704a9961e
9401,2026-09-01,24.31,24.45,24.04,24.16,60,1456.51,,,,render_normalized,tasi_2026-09-01_2026-09-01_20260901T153022227947Z,9122653c91d4643420c4862727a328e510502dca7ca410440f436a4704a9961e
9402,2026-09-01,45.76,46.04,45.66,45.65,60,2745.66,,,,render_normalized,tasi_2026-09-01_2026-09-01_20260901T153022227947Z,9122653c91d4643420c4862727a328e510502dca7ca410440f436a4704a9961e
9403,2026-09-01,8.34,8.34,8.33,8.34,3631,30282.12,,,,render_normalized,tasi_2026-09-01_2026-09-01_20260901T153022227947Z,9122653c91d4643420c4862727a328e510502dca7ca410440f436a4704a9961e
9404,2026-09-01,10.39,10.4,10.26,10.35,5173,53665.67,,,,render_normalized,tasi_2026-09-01_2026-09-01_20260901T153022227947Z,9122653c91d4643420c4862727a328e510502dca7ca410440f436a4704a9961e
9405,2026-09-01,23.18,23.18,22.8,22.8,42624,977460.89,,,,render_normalized,tasi_2026-09-01_2026-09-01_20260901T153022227947Z,9122653c91d4643420c4862727a328e510502dca7ca410440f436a4704a9961e
9406,2026-09-01,16.85,16.85,16.83,16.85,2752,46365.43,,,,render_normalized,tasi_2026-09-01_2026-09-01_20260901T153022227947Z,9122653c91d4643420c4862727a328e510502dca7ca410440f436a4704a9961e
9407,2026-09-01,26.08,26.12,25.98,25.96,11724,305319.86,,,,render_normalized,tasi_2026-09-01_2026-09-01_20260901T153022227947Z,9122653c91d4643420c4862727a328e510502dca7ca410440f436a4704a9961e
9408,2026-09-01,8.18,8.18,8.16,8.17,6338,51773.79,,,,render_normalized,tasi_2026-09-01_2026-09-01_20260901T153022227947Z,9122653c91d4643420c4862727a328e510502dca7ca410440f436a4704a9961e
9409,2026-09-01,10.27,10.29,10.27,10.23,10,102.74,,,,render_normalized,tasi_2026-09-01_2026-09-01_20260901T153022227947Z,9122653c91d4643420c4862727a328e510502dca7ca410440f436a4704a9961e
9410,2026-09-01,11.62,11.62,11.58,11.59,6124,71009.06,,,,render_normalized,tasi_2026-09-01_2026-09-01_20260901T153022227947Z,9122653c91d4643420c4862727a328e510502dca7ca410440f436a4704a9961e
9411,2026-09-01,12.9,12.9,12.8,12.82,16614,213059.64,,,,render_normalized,tasi_2026-09-01_2026-09-01_20260901T153022227947Z,9122653c91d4643420c4862727a328e510502dca7ca410440f436a4704a9961e
9412,2026-09-01,9.7,9.7,9.62,9.64,13041,126321.86,,,,render_normalized,tasi_2026-09-01_2026-09-01_20260901T153022227947Z,9122653c91d4643420c4862727a328e510502dca7ca410440f436a4704a9961e
9413,2026-09-01,10.52,10.52,10.27,10.27,67565,697001.06,,,,render_normalized,tasi_2026-09-01_2026-09-01_20260901T153022227947Z,9122653c91d4643420c4862727a328e510502dca7ca410440f436a4704a9961e
